row,iterations
0,2281
1,2288
2,2295
3,2302
4,2309
5,2316
6,2322
7,2329
8,2336
9,2343
10,2350
11,2355
12,2361
13,2368
14,2374
15,2379
16,2386
17,2391
18,2398
19,2402
20,2409
21,2414
22,2421
23,2425
24,2431
25,2437
26,2442
27,2446
28,2490
29,2517
30,2538
31,2555
32,2573
33,2589
34,2603
35,2616
36,2630
37,2642
38,2653
39,2665
40,2694
41,2717
42,2736
43,2754
44,2771
45,2786
46,2808
47,2830
48,2848
49,2865
50,2884
51,2904
52,2946
53,2977
54,3013
55,3047
56,3051
57,3061
58,3095
59,3124
60,3148
61,3187
62,3204
63,3182
64,3211
65,3214
66,3212
67,3212
68,3219
69,3226
70,3246
71,3255
72,3280
73,3304
74,3302
75,3311
76,3331
77,3341
78,3359
79,3383
80,3435
81,3438
82,3459
83,3508
84,3520
85,3597
86,4875
87,7766
88,7610
89,7870
90,6654
91,3837
92,3772
93,3795
94,3795
95,3763
96,3740
97,3739
98,3768
99,3812
100,3846
101,3859
102,3923
103,3964
104,3957
105,4022
106,4072
107,6111
108,6410
109,4109
110,4072
111,4128
112,4082
113,4069
114,4406
115,4100
116,4120
117,4124
118,4070
119,4069
120,3999
121,3994
122,4010
123,4008
124,4050
125,4065
126,4038
127,4048
128,4099
129,4146
130,4182
131,4253
132,4370
133,6256
134,4299
135,4243
136,4287
137,4333
138,4442
139,4429
140,4441
141,4571
142,4806
143,4818
144,5105
145,5880
146,6369
147,9046
148,9275
149,9558
150,9903
151,15047
152,17943
153,21099
154,21539
155,23190
156,22237
157,23268
158,24533
159,24097
160,24792
161,24375
162,23159
163,24267
164,23874
165,20365
166,18914
167,18453
168,17395
169,28643
170,34981
171,41339
172,46697
173,49132
174,48976
175,54306
176,59059
177,59388
178,63726
179,69501
180,71156
181,74085
182,74380
183,76876
184,81901
185,83642
186,83288
187,80170
188,80955
189,80476
190,81841
191,80880
192,78156
193,78226
194,79893
195,81380
196,79830
197,81231
198,82412
199,83087
200,83868
201,84144
202,87505
203,87436
204,89662
205,87612
206,89514
207,87685
208,87303
209,88067
210,85563
211,84274
212,83168
213,82298
214,82382
215,81850
216,84305
217,84479
218,83217
219,83046
220,80563
221,81808
222,77822
223,76408
224,76696
225,77150
226,77420
227,74440
228,73737
229,70946
230,70892
231,71608
232,67366
233,66065
234,64411
235,62868
236,60082
237,58071
238,57604
239,53327
240,51525
241,48246
242,46662
243,42477
244,40274
245,41896
246,69438
247,93541
248,112543
249,123872
250,134551
251,141464
252,148944
253,161757
254,168540
255,177515
256,182670
257,190142
258,198896
259,199007
260,208720
261,214412
262,218521
263,221135
264,228680
265,232289
266,237130
267,240673
268,241758
269,243826
270,251958
271,258932
272,265538
273,269843
274,277726
275,280220
276,294070
277,307244
278,316604
279,319369
280,323876
281,325861
282,333627
283,337165
284,341068
285,338369
286,337626
287,337862
288,340170
289,342918
290,346686
291,348590
292,348235
293,349380
294,347780
295,348348
296,345390
297,342259
298,337196
299,339447
300,344552
301,348133
302,347670
303,345139
304,347818
305,348665
306,349823
307,350296
308,350520
309,351618
310,350899
311,350468
312,340620
313,337967
314,340429
315,344863
316,349029
317,348554
318,353428
319,351868
320,353631
321,355560
322,354116
323,356509
324,358834
325,361651
326,363570
327,366729
328,369315
329,375969
330,386328
331,390843
332,392226
333,392361
334,390023
335,392864
336,393930
337,395282
338,395927
339,398231
340,401902
341,406529
342,407482
343,404464
344,402833
345,401877
346,397742
347,393994
348,392856
349,394419
350,396416
351,398356
352,399152
353,400987
354,403323
355,407751
356,407448
357,407412
358,409146
359,411607
360,411674
361,414516
362,412210
363,416279
364,421207
365,427318
366,428478
367,432883
368,439755
369,445780
370,451558
371,455661
372,455228
373,455380
374,454016
375,450524
376,450702
377,451058
378,447293
379,444827
380,441943
381,441914
382,442819
383,439515
384,435800
385,433232
386,434911
387,439380
388,438059
389,436056
390,438436
391,438473
392,438874
393,442613
394,449443
395,454169
396,452679
397,454988
398,459562
399,463510
400,466381
401,466737
402,470792
403,475556
404,476376
405,478422
406,483683
407,488577
408,495543
409,507129
410,523820
411,533818
412,541682
413,548301
414,545260
415,552130
416,553875
417,560968
418,570359
419,576427
420,580309
421,583429
422,581811
423,581925
424,583420
425,582000
426,581689
427,583893
428,586364
429,582532
430,585210
431,587472
432,586397
433,591460
434,594576
435,596446
436,601914
437,608048
438,609068
439,608202
440,604769
441,606230
442,609900
443,612931
444,618468
445,622734
446,625648
447,623742
448,628409
449,633975
450,639297
451,639673
452,636679
453,635002
454,633200
455,636414
456,633060
457,630324
458,633307
459,633816
460,638040
461,635008
462,638092
463,637849
464,642288
465,643225
466,643419
467,644318
468,646945
469,645276
470,648166
471,647521
472,649028
473,644056
474,645932
475,646141
476,648023
477,646396
478,644970
479,645589
480,648576
481,649276
482,651887
483,651803
484,648830
485,652272
486,651308
487,658260
488,666724
489,673007
490,675497
491,673956
492,674841
493,676416
494,679668
495,681740
496,680508
497,682177
498,683513
499,682967
500,681584
501,685121
502,683124
503,683242
504,682443
505,681486
506,683802
507,691613
508,692842
509,693943
510,695684
511,700806
512,700806
513,695684
514,693943
515,692842
516,691613
517,683802
518,681486
519,682443
520,683242
521,683124
522,685121
523,681584
524,682967
525,683513
526,682177
527,680508
528,681740
529,679668
530,676416
531,674841
532,673956
533,675497
534,673007
535,666724
536,658260
537,651308
538,652272
539,648830
540,651803
541,651887
542,649276
543,648576
544,645589
545,644970
546,646396
547,648023
548,646141
549,645932
550,644056
551,649028
552,647521
553,648166
554,645276
555,646945
556,644318
557,643419
558,643225
559,642288
560,637849
561,638092
562,635008
563,638040
564,633816
565,633307
566,630324
567,633060
568,636414
569,633200
570,635002
571,636679
572,639673
573,639297
574,633975
575,628409
576,623742
577,625648
578,622734
579,618468
580,612931
581,609900
582,606230
583,604769
584,608202
585,609068
586,608048
587,601914
588,596446
589,594576
590,591460
591,586397
592,587472
593,585210
594,582532
595,586364
596,583893
597,581689
598,582000
599,583420
600,581925
601,581811
602,583429
603,580309
604,576427
605,570359
606,560968
607,553875
608,552130
609,545260
610,548301
611,541682
612,533818
613,523820
614,507129
615,495543
616,488577
617,483683
618,478422
619,476376
620,475556
621,470792
622,466737
623,466381
624,463510
625,459562
626,454988
627,452679
628,454169
629,449443
630,442613
631,438874
632,438473
633,438436
634,436056
635,438059
636,439380
637,434911
638,433232
639,435800
640,439515
641,442819
642,441914
643,441943
644,444827
645,447293
646,451058
647,450702
648,450524
649,454016
650,455380
651,455228
652,455661
653,451558
654,445780
655,439755
656,432883
657,428478
658,427318
659,421207
660,416279
661,412210
662,414516
663,411674
664,411607
665,409146
666,407412
667,407448
668,407751
669,403323
670,400987
671,399152
672,398356
673,396416
674,394419
675,392856
676,393994
677,397742
678,401877
679,402833
680,404464
681,407482
682,406529
683,401902
684,398231
685,395927
686,395282
687,393930
688,392864
689,390023
690,392361
691,392226
692,390843
693,386328
694,375969
695,369315
696,366729
697,363570
698,361651
699,358834
700,356509
701,354116
702,355560
703,353631
704,351868
705,353428
706,348554
707,349029
708,344863
709,340429
710,337967
711,340620
712,350468
713,350899
714,351618
715,350520
716,350296
717,349823
718,348665
719,347818
720,345139
721,347670
722,348133
723,344552
724,339447
725,337196
726,342259
727,345390
728,348348
729,347780
730,349380
731,348235
732,348590
733,346686
734,342918
735,340170
736,337862
737,337626
738,338369
739,341068
740,337165
741,333627
742,325861
743,323876
744,319369
745,316604
746,307244
747,294070
748,280220
749,277726
750,269843
751,265538
752,258932
753,251958
754,243826
755,241758
756,240673
757,237130
758,232289
759,228680
760,221135
761,218521
762,214412
763,208720
764,199007
765,198896
766,190142
767,182670
768,177515
769,168540
770,161757
771,148944
772,141464
773,134551
774,123872
775,112543
776,93541
777,69438
778,41896
779,40274
780,42477
781,46662
782,48246
783,51525
784,53327
785,57604
786,58071
787,60082
788,62868
789,64411
790,66065
791,67366
792,71608
793,70892
794,70946
795,73737
796,74440
797,77420
798,77150
799,76696
800,76408
801,77822
802,81808
803,80563
804,83046
805,83217
806,84479
807,84305
808,81850
809,82382
810,82298
811,83168
812,84274
813,85563
814,88067
815,87303
816,87685
817,89514
818,87612
819,89662
820,87436
821,87505
822,84144
823,83868
824,83087
825,82412
826,81231
827,79830
828,81380
829,79893
830,78226
831,78156
832,80880
833,81841
834,80476
835,80955
836,80170
837,83288
838,83642
839,81901
840,76876
841,74380
842,74085
843,71156
844,69501
845,63726
846,59388
847,59059
848,54306
849,48976
850,49132
851,46697
852,41339
853,34981
854,28643
855,17395
856,18453
857,18914
858,20365
859,23874
860,24267
861,23159
862,24375
863,24792
864,24097
865,24533
866,23268
867,22237
868,23190
869,21539
870,21099
871,17943
872,15047
873,9903
874,9558
875,9275
876,9046
877,6369
878,5880
879,5105
880,4818
881,4806
882,4571
883,4441
884,4429
885,4442
886,4333
887,4287
888,4243
889,4299
890,6256
891,4370
892,4253
893,4182
894,4146
895,4099
896,4048
897,4038
898,4065
899,4050
900,4008
901,4010
902,3994
903,3999
904,4069
905,4070
906,4124
907,4120
908,4100
909,4406
910,4069
911,4082
912,4128
913,4072
914,4109
915,6410
916,6111
917,4072
918,4022
919,3957
920,3964
921,3923
922,3859
923,3846
924,3812
925,3768
926,3739
927,3740
928,3763
929,3795
930,3795
931,3772
932,3837
933,6654
934,7870
935,7610
936,7766
937,4875
938,3597
939,3520
940,3508
941,3459
942,3438
943,3435
944,3383
945,3359
946,3341
947,3331
948,3311
949,3302
950,3304
951,3280
952,3255
953,3246
954,3226
955,3219
956,3212
957,3212
958,3214
959,3211
960,3182
961,3204
962,3187
963,3148
964,3124
965,3095
966,3061
967,3051
968,3047
969,3013
970,2977
971,2946
972,2904
973,2884
974,2865
975,2848
976,2830
977,2808
978,2786
979,2771
980,2754
981,2736
982,2717
983,2694
984,2665
985,2653
986,2642
987,2630
988,2616
989,2603
990,2589
991,2573
992,2555
993,2538
994,2517
995,2490
996,2446
997,2442
998,2437
999,2431
1000,2425
1001,2421
1002,2414
1003,2409
1004,2402
1005,2398
1006,2391
1007,2386
1008,2379
1009,2374
1010,2368
1011,2361
1012,2355
1013,2350
1014,2343
1015,2336
1016,2329
1017,2322
1018,2316
1019,2309
1020,2302
1021,2295
1022,2288
1023,2281
